instance,size,method,best_known,root_lower_bound,gap_percent,time_seconds,iterations,cuts,combformer_cut_percent
random_n50_0,50,CVRPSEP,8.763,8.543,2.509,0.652,5,10,
random_n50_1,50,CVRPSEP,10.014,9.955,0.591,0.167,11,25,
random_n50_2,50,CVRPSEP,8.379,8.319,0.713,0.088,6,12,
random_n50_3,50,CVRPSEP,9.373,9.094,2.987,0.144,8,22,
random_n50_4,50,CVRPSEP,9.961,9.741,2.208,0.131,7,15,
random_n50_5,50,CVRPSEP,8.378,8.281,1.149,0.143,10,12,
random_n50_6,50,CVRPSEP,9.940,9.744,1.964,0.130,8,5,
random_n50_7,50,CVRPSEP,7.915,7.759,1.968,0.145,12,7,
random_n50_8,50,CVRPSEP,9.201,9.001,2.177,0.215,13,18,
random_n50_9,50,CVRPSEP,10.533,10.363,1.615,0.122,6,16,
random_n100_0,100,CVRPSEP,18.171,17.150,5.618,5.274,35,48,
random_n100_1,100,CVRPSEP,13.468,12.751,5.321,3.107,26,74,
random_n100_2,100,CVRPSEP,15.204,14.287,6.036,1.683,13,45,
random_n100_3,100,CVRPSEP,15.063,14.392,4.454,1.197,8,9,
random_n100_4,100,CVRPSEP,16.335,15.549,4.811,4.234,26,51,
random_n100_5,100,CVRPSEP,17.098,16.354,4.355,3.264,20,84,
random_n100_6,100,CVRPSEP,16.451,15.535,5.570,2.749,16,43,
random_n100_7,100,CVRPSEP,16.996,16.272,4.261,4.510,36,78,
random_n100_8,100,CVRPSEP,13.225,12.667,4.215,2.979,25,136,
random_n100_9,100,CVRPSEP,12.604,12.090,4.073,2.486,15,39,
random_n200_0,200,CVRPSEP,29.900,27.776,7.104,232.331,84,110,
random_n200_1,200,CVRPSEP,24.719,23.029,6.839,165.638,71,146,
random_n200_2,200,CVRPSEP,30.969,28.665,7.442,245.288,67,115,
random_n200_3,200,CVRPSEP,27.026,25.050,7.312,153.173,63,137,
random_n200_4,200,CVRPSEP,29.146,26.834,7.930,310.306,89,107,
random_n200_5,200,CVRPSEP,26.028,24.014,7.738,147.524,67,75,
random_n200_6,200,CVRPSEP,27.079,25.337,6.436,119.219,50,123,
random_n200_7,200,CVRPSEP,32.821,30.566,6.870,303.172,89,63,
random_n200_8,200,CVRPSEP,25.719,23.722,7.767,234.350,94,138,
random_n200_9,200,CVRPSEP,29.710,27.574,7.191,288.501,98,216,
random_n300_0,300,CVRPSEP,37.806,34.668,8.301,1924.585,122,225,
random_n300_1,300,CVRPSEP,36.801,33.619,8.647,1701.538,112,136,
random_n300_2,300,CVRPSEP,33.280,30.679,7.814,1141.583,99,160,
random_n300_3,300,CVRPSEP,39.352,35.920,8.720,2280.095,119,208,
random_n300_4,300,CVRPSEP,32.455,29.987,7.605,610.099,89,116,
random_n300_5,300,CVRPSEP,41.980,38.492,8.309,2067.021,113,236,
random_n300_6,300,CVRPSEP,31.730,29.119,8.227,722.686,90,136,
random_n300_7,300,CVRPSEP,44.472,41.134,7.505,2755.857,129,363,
random_n300_8,300,CVRPSEP,31.665,28.965,8.526,1553.132,128,149,
random_n300_9,300,CVRPSEP,35.455,32.575,8.124,5497.106,241,4959,
random_n400_0,400,CVRPSEP,52.383,47.777,8.793,3704.941,42,1907,
random_n400_1,400,CVRPSEP,40.003,36.520,8.706,3624.885,95,237,
random_n400_2,400,CVRPSEP,54.356,48.822,10.182,3626.159,40,2168,
random_n400_3,400,CVRPSEP,59.843,54.283,9.291,3611.473,38,2583,
random_n400_4,400,CVRPSEP,45.250,40.794,9.846,3664.786,47,2467,
random_n400_5,400,CVRPSEP,49.547,45.587,7.992,3652.882,55,617,
random_n400_6,400,CVRPSEP,65.010,59.058,9.155,3689.568,38,2380,
random_n400_7,400,CVRPSEP,59.862,53.870,10.009,3696.305,37,2739,
random_n400_8,400,CVRPSEP,43.522,39.733,8.707,3603.355,60,1207,
random_n400_9,400,CVRPSEP,40.116,36.597,8.771,3605.338,89,239,
random_n500_0,500,CVRPSEP,59.594,48.179,19.154,3694.215,50,4782,
random_n500_1,500,CVRPSEP,64.499,55.869,13.380,3762.105,29,2909,
random_n500_2,500,CVRPSEP,70.217,59.487,15.281,3600.710,25,2446,
random_n500_3,500,CVRPSEP,79.740,68.752,13.780,3629.964,30,2776,
random_n500_4,500,CVRPSEP,60.374,50.305,16.678,3645.371,44,4408,
random_n500_5,500,CVRPSEP,57.346,49.666,13.393,3638.948,30,3120,
random_n500_6,500,CVRPSEP,74.685,64.006,14.299,3710.522,27,2642,
random_n500_7,500,CVRPSEP,62.643,53.621,14.402,3772.176,28,2704,
random_n500_8,500,CVRPSEP,68.466,59.071,13.722,3663.945,29,2748,
random_n500_9,500,CVRPSEP,77.768,64.581,16.957,3609.280,42,3768,
random_n750_0,750,CVRPSEP,73.568,59.189,19.545,3603.401,19,2805,
random_n750_1,750,CVRPSEP,73.775,59.690,19.091,3644.416,16,2394,
random_n750_2,750,CVRPSEP,91.964,68.424,25.597,3624.540,26,2785,
random_n750_3,750,CVRPSEP,72.794,58.855,19.148,3808.934,19,2430,
random_n750_4,750,CVRPSEP,101.702,78.340,22.971,3744.577,18,2533,
random_n750_5,750,CVRPSEP,71.475,58.736,17.823,3620.131,20,2609,
random_n750_6,750,CVRPSEP,92.878,70.070,24.557,3801.801,19,2625,
random_n750_7,750,CVRPSEP,82.851,64.061,22.678,3634.645,17,2711,
random_n750_8,750,CVRPSEP,96.849,73.455,24.155,3859.823,20,2431,
random_n750_9,750,CVRPSEP,80.027,61.037,23.730,3846.038,15,2322,
random_n1000_0,1000,CVRPSEP,96.919,71.894,25.820,3872.215,16,2468,
random_n1000_1,1000,CVRPSEP,116.843,82.424,29.457,3871.528,17,1968,
random_n1000_2,1000,CVRPSEP,133.485,93.677,29.822,3726.409,19,1936,
random_n1000_3,1000,CVRPSEP,144.043,98.574,31.566,3969.597,18,2228,
random_n1000_4,1000,CVRPSEP,107.729,78.742,26.907,3728.992,15,2192,
random_n1000_5,1000,CVRPSEP,126.458,87.492,30.813,3724.026,20,1926,
random_n1000_6,1000,CVRPSEP,96.491,73.405,23.925,3605.137,15,2579,
random_n1000_7,1000,CVRPSEP,91.085,68.494,24.802,3608.787,18,2305,
random_n1000_8,1000,CVRPSEP,140.082,96.910,30.819,3852.856,20,2204,
random_n1000_9,1000,CVRPSEP,119.511,81.922,31.452,3660.056,18,2141,
random_n50_0,50,CombFormer,8.763,8.540,2.544,8.502,1,1,
random_n50_1,50,CombFormer,10.014,9.931,0.835,2.493,4,5,
random_n50_2,50,CombFormer,8.379,8.318,0.731,2.736,5,2,
random_n50_3,50,CombFormer,9.373,9.085,3.073,3.278,6,7,
random_n50_4,50,CombFormer,9.961,9.734,2.277,4.059,10,2,
random_n50_5,50,CombFormer,8.378,8.284,1.123,3.961,11,24,
random_n50_6,50,CombFormer,9.940,9.736,2.050,2.963,5,0,
random_n50_7,50,CombFormer,7.915,7.757,1.993,3.029,6,2,
random_n50_8,50,CombFormer,9.201,8.998,2.208,3.770,7,43,
random_n50_9,50,CombFormer,10.533,10.358,1.659,2.276,3,2,
random_n100_0,100,CombFormer,18.171,17.132,5.719,15.177,21,31,
random_n100_1,100,CombFormer,13.468,12.737,5.426,14.426,21,27,
random_n100_2,100,CombFormer,15.204,14.280,6.077,11.826,18,29,
random_n100_3,100,CombFormer,15.063,14.401,4.397,12.885,18,7,
random_n100_4,100,CombFormer,16.335,15.530,4.924,12.170,16,27,
random_n100_5,100,CombFormer,17.098,16.339,4.439,28.028,35,52,
random_n100_6,100,CombFormer,16.451,15.536,5.561,18.655,25,50,
random_n100_7,100,CombFormer,16.996,16.245,4.417,14.136,18,33,
random_n100_8,100,CombFormer,13.225,12.638,4.434,16.892,23,20,
random_n100_9,100,CombFormer,12.604,12.083,4.133,12.523,17,42,
random_n200_0,200,CombFormer,29.900,27.762,7.148,304.500,92,50,
random_n200_1,200,CombFormer,24.719,23.000,6.955,176.670,51,62,
random_n200_2,200,CombFormer,30.969,28.645,7.506,178.038,60,44,
random_n200_3,200,CombFormer,27.026,25.043,7.339,198.490,75,44,
random_n200_4,200,CombFormer,29.146,26.828,7.954,297.658,81,45,
random_n200_5,200,CombFormer,26.028,24.008,7.760,237.126,67,54,
random_n200_6,200,CombFormer,27.079,25.334,6.446,228.996,68,63,
random_n200_7,200,CombFormer,32.821,30.564,6.876,361.696,88,34,
random_n200_8,200,CombFormer,25.719,23.711,7.807,309.196,82,36,
random_n200_9,200,CombFormer,29.710,27.549,7.275,298.748,72,43,
random_n300_0,300,CombFormer,37.806,34.645,8.361,1721.641,114,65,
random_n300_1,300,CombFormer,36.801,33.613,8.665,1825.698,109,39,
random_n300_2,300,CombFormer,33.280,30.672,7.835,1634.531,100,22,
random_n300_3,300,CombFormer,39.352,35.908,8.751,2609.660,97,35,
random_n300_4,300,CombFormer,32.455,29.960,7.689,719.678,58,24,
random_n300_5,300,CombFormer,41.980,38.484,8.329,3605.636,128,86,
random_n300_6,300,CombFormer,31.730,29.100,8.286,1097.829,80,20,
random_n300_7,300,CombFormer,44.472,41.118,7.543,3608.779,129,112,
random_n300_8,300,CombFormer,31.665,28.956,8.556,2083.881,119,38,
random_n300_9,300,CombFormer,35.455,32.273,8.975,3607.449,124,2659,
random_n400_0,400,CombFormer,52.383,47.739,8.865,3643.812,47,516,
random_n400_1,400,CombFormer,40.003,36.503,8.749,3604.396,94,52,
random_n400_2,400,CombFormer,54.356,48.808,10.207,3672.776,49,983,
random_n400_3,400,CombFormer,59.843,54.274,9.307,3685.347,44,710,
random_n400_4,400,CombFormer,45.250,40.720,10.010,3636.930,56,674,
random_n400_5,400,CombFormer,49.547,45.529,8.111,3655.883,56,294,
random_n400_6,400,CombFormer,65.010,59.077,9.125,3616.933,44,774,
random_n400_7,400,CombFormer,59.862,53.963,9.855,3668.174,42,817,
random_n400_8,400,CombFormer,43.522,39.714,8.749,3620.343,63,338,
random_n400_9,400,CombFormer,40.116,36.580,8.814,3602.613,84,53,
random_n500_0,500,CombFormer,59.594,47.121,20.930,3657.662,38,3222,
random_n500_1,500,CombFormer,64.499,55.929,13.288,3680.648,32,1530,
random_n500_2,500,CombFormer,70.217,59.200,15.689,3630.928,26,1937,
random_n500_3,500,CombFormer,79.740,68.657,13.899,3653.275,30,1659,
random_n500_4,500,CombFormer,60.374,49.769,17.565,3670.698,42,2997,
random_n500_5,500,CombFormer,57.346,49.536,13.620,3636.109,32,1972,
random_n500_6,500,CombFormer,74.685,63.987,14.325,3765.284,28,1735,
random_n500_7,500,CombFormer,62.643,53.363,14.814,3729.633,27,1722,
random_n500_8,500,CombFormer,68.466,59.035,13.775,3691.965,31,1611,
random_n500_9,500,CombFormer,77.768,64.094,17.582,3707.189,33,2929,
random_n750_0,750,CombFormer,73.568,59.034,19.756,3618.290,17,1392,
random_n750_1,750,CombFormer,73.775,59.483,19.373,3675.412,16,1399,
random_n750_2,750,CombFormer,91.964,67.858,26.213,3852.568,18,1592,
random_n750_3,750,CombFormer,72.794,58.514,19.617,3737.784,15,1299,
random_n750_4,750,CombFormer,101.702,78.104,23.202,3893.997,15,1280,
random_n750_5,750,CombFormer,71.475,58.682,17.898,3804.965,17,1505,
random_n750_6,750,CombFormer,92.878,69.803,24.844,3796.971,14,1212,
random_n750_7,750,CombFormer,82.851,63.827,22.961,3845.002,14,1286,
random_n750_8,750,CombFormer,96.849,73.127,24.495,3655.225,13,1275,
random_n750_9,750,CombFormer,80.027,60.560,24.326,3647.714,13,1215,
random_n1000_0,1000,CombFormer,96.919,71.993,25.719,3862.787,16,1239,
random_n1000_1,1000,CombFormer,116.843,81.701,30.076,3783.157,14,1124,
random_n1000_2,1000,CombFormer,133.485,92.882,30.418,3879.178,19,1385,
random_n1000_3,1000,CombFormer,144.043,98.429,31.667,3839.357,16,1256,
random_n1000_4,1000,CombFormer,107.729,78.526,27.107,3648.642,15,1217,
random_n1000_5,1000,CombFormer,126.458,86.766,31.388,3792.271,15,1271,
random_n1000_6,1000,CombFormer,96.491,73.526,23.800,3851.577,15,1227,
random_n1000_7,1000,CombFormer,91.085,68.276,25.042,3685.301,14,1150,
random_n1000_8,1000,CombFormer,140.082,96.559,31.070,3763.379,16,1395,
random_n1000_9,1000,CombFormer,119.511,81.754,31.593,3724.630,13,1014,
random_n50_0,50,Union,8.763,8.543,2.507,9.486,6,13,23.077
random_n50_1,50,Union,10.014,9.956,0.584,4.607,12,47,34.043
random_n50_2,50,Union,8.379,8.319,0.713,2.978,6,14,14.286
random_n50_3,50,Union,9.373,9.104,2.870,4.872,13,27,11.111
random_n50_4,50,Union,9.961,9.742,2.194,3.422,7,24,33.333
random_n50_5,50,Union,8.378,8.284,1.114,4.660,14,31,64.516
random_n50_6,50,Union,9.940,9.745,1.963,3.636,7,8,25.000
random_n50_7,50,Union,7.915,7.759,1.968,4.568,12,8,12.500
random_n50_8,50,Union,9.201,9.002,2.159,4.383,9,34,58.824
random_n50_9,50,Union,10.533,10.363,1.615,2.823,5,22,36.364
random_n100_0,100,Union,18.171,17.142,5.665,18.187,23,76,47.368
random_n100_1,100,Union,13.468,12.745,5.365,13.400,17,68,20.588
random_n100_2,100,Union,15.204,14.284,6.051,10.039,13,82,46.341
random_n100_3,100,Union,15.063,14.395,4.438,8.838,10,17,29.412
random_n100_4,100,Union,16.335,15.548,4.816,17.302,23,84,45.238
random_n100_5,100,Union,17.098,16.358,4.329,15.061,19,109,16.514
random_n100_6,100,Union,16.451,15.547,5.499,30.446,37,130,53.846
random_n100_7,100,Union,16.996,16.264,4.307,13.121,18,78,23.077
random_n100_8,100,Union,13.225,12.668,4.208,19.866,28,116,12.069
random_n100_9,100,Union,12.604,12.092,4.057,12.562,19,79,43.038
random_n200_0,200,Union,29.900,27.782,7.083,380.103,101,151,19.205
random_n200_1,200,Union,24.719,23.025,6.852,243.681,74,179,22.346
random_n200_2,200,Union,30.969,28.662,7.452,222.981,70,147,25.850
random_n200_3,200,Union,27.026,25.051,7.309,176.045,59,119,10.924
random_n200_4,200,Union,29.146,26.832,7.939,253.960,68,141,30.496
random_n200_5,200,Union,26.028,24.016,7.729,278.651,76,130,27.692
random_n200_6,200,Union,27.079,25.345,6.405,231.248,66,140,28.571
random_n200_7,200,Union,32.821,30.568,6.863,385.680,91,92,28.261
random_n200_8,200,Union,25.719,23.719,7.776,244.420,70,156,12.179
random_n200_9,200,Union,29.710,27.568,7.209,333.617,84,243,13.992
random_n300_0,300,Union,37.806,34.667,8.303,2251.202,121,320,11.875
random_n300_1,300,Union,36.801,33.620,8.645,2201.757,126,150,13.333
random_n300_2,300,Union,33.280,30.682,7.805,1482.995,111,167,13.772
random_n300_3,300,Union,39.352,35.919,8.723,2261.978,110,263,12.928
random_n300_4,300,Union,32.455,29.987,7.604,746.098,79,126,12.698
random_n300_5,300,Union,41.980,38.492,8.310,2152.013,112,302,24.172
random_n300_6,300,Union,31.730,29.120,8.224,939.323,92,142,15.493
random_n300_7,300,Union,44.472,41.138,7.496,3145.092,134,408,12.745
random_n300_8,300,Union,31.665,28.963,8.534,1414.543,104,173,13.295
random_n300_9,300,Union,35.455,32.443,8.495,3605.299,122,7429,27.958
random_n400_0,400,Union,52.383,47.720,8.901,3619.258,37,2165,19.538
random_n400_1,400,Union,40.003,36.517,8.715,3633.102,88,245,6.939
random_n400_2,400,Union,54.356,48.810,10.203,3611.953,38,2644,26.210
random_n400_3,400,Union,59.843,54.317,9.235,3656.880,35,2782,20.345
random_n400_4,400,Union,45.250,40.752,9.939,3607.157,41,3235,18.609
random_n400_5,400,Union,49.547,45.557,8.053,3649.943,50,941,19.554
random_n400_6,400,Union,65.010,59.058,9.154,3607.786,33,2776,20.785
random_n400_7,400,Union,59.862,53.929,9.910,3660.207,34,3431,24.133
random_n400_8,400,Union,43.522,39.713,8.752,3619.437,55,1522,15.309
random_n400_9,400,Union,40.116,36.594,8.778,3622.856,79,274,8.759
random_n500_0,500,Union,59.594,47.344,20.556,3725.566,29,4971,47.254
random_n500_1,500,Union,64.499,55.816,13.463,3654.443,24,3449,26.239
random_n500_2,500,Union,70.217,59.303,15.543,3668.466,21,3139,37.146
random_n500_3,500,Union,79.740,68.581,13.994,3698.242,24,3640,40.055
random_n500_4,500,Union,60.374,49.936,17.289,3778.512,31,5133,40.035
random_n500_5,500,Union,57.346,49.560,13.577,3640.457,24,3825,33.124
random_n500_6,500,Union,74.685,64.010,14.294,3681.736,20,3054,37.361
random_n500_7,500,Union,62.643,53.483,14.622,3607.070,20,3225,42.574
random_n500_8,500,Union,68.466,58.983,13.851,3613.478,24,3385,33.323
random_n500_9,500,Union,77.768,64.169,17.486,3694.775,25,4219,50.699
random_n750_0,750,Union,73.568,59.014,19.783,3660.133,14,3243,37.311
random_n750_1,750,Union,73.775,59.453,19.412,3853.384,12,2977,36.177
random_n750_2,750,Union,91.964,67.738,26.342,3734.903,15,2826,43.524
random_n750_3,750,Union,72.794,58.567,19.544,3804.026,12,2631,40.935
random_n750_4,750,Union,101.702,77.972,23.333,3932.765,11,2565,41.754
random_n750_5,750,Union,71.475,58.633,17.967,3725.143,13,2840,39.437
random_n750_6,750,Union,92.878,69.848,24.796,4078.965,12,2639,38.575
random_n750_7,750,Union,82.851,63.851,22.932,3861.490,10,2562,36.144
random_n750_8,750,Union,96.849,73.245,24.372,3646.962,11,2231,47.019
random_n750_9,750,Union,80.027,60.597,24.279,3815.142,11,2614,34.392
random_n1000_0,1000,Union,96.919,71.457,26.272,3950.056,11,2354,32.710
random_n1000_1,1000,Union,116.843,81.644,30.125,3943.756,10,2092,40.392
random_n1000_2,1000,Union,133.485,92.237,30.901,3792.827,12,2010,44.229
random_n1000_3,1000,Union,144.043,98.575,31.566,3610.695,12,1940,46.237
random_n1000_4,1000,Union,107.729,78.750,26.900,3959.798,11,2298,36.336
random_n1000_5,1000,Union,126.458,86.406,31.672,3721.943,10,1810,43.260
random_n1000_6,1000,Union,96.491,73.241,24.095,3617.693,10,2480,32.581
random_n1000_7,1000,Union,91.085,68.134,25.197,3927.350,11,2439,37.105
random_n1000_8,1000,Union,140.082,95.576,31.771,3856.798,12,2223,47.548
random_n1000_9,1000,Union,119.511,81.406,31.884,4114.804,11,2045,41.271
